0,Soccer Boots,WRB,35.49,10,soccerboots.jpg
0,Ping Pong Set,IDG,9.95,6,pingpongset.png
0,Rugby Football,BAL,15.65,7,rugbyball.jpg
0,Tennis Racket,BAT,4.95,4,tennisracket.jpg
0,BaseBall Bat,BAT,20,11,baseballbat.jpg
0,Golf Club Set,SET,499.99,3,golfset.jpg
0,Swimming Paddles,SWM,9.99,15,swimmingPaddles.jpg
0,Soccer Ball,BAL,26.69,21,soccerBall.jpg
0,Snorkling Fins,SWM,19.99,2,snorklingFins.jpeg
0,Scuba Mask,SWM,15,5,scubaMask.jpg
0,Ice Hockey Helmet,WRB,12.95,6,iceHockeyHelmet.jpg
0,Gold & Silver Chess Set,IDG,29.99,4,goldSilverChessSet.jpg
0,Cricket Ball,BAL,8.95,10,cricketBall.jpg
0,Chinese Checkers Set,IDG,9.99,5,chineseCheckersSet.jpg
0,Base Ball Glove,WRB,14.99,20,baseballGlove.jpg
0,Red Nepalese Jersey,WRB,19.99,18,redJersey.jpg
0,Base Ball,BAL,7.89,50,baseBall.jpg